{
    "velocity": 0.05,
    "acceleration": 0.5,
    "blend": 0.0,

    "qs_inspection_pose": [0.7858981569318925, 0.06832218159255415, 0.18318353835293852, 0.06073964695581768, -3.14090181859425, 0.0],
    "qs_inspection_rot_z_pose": [0.7859029239059651, 0.068300707530189, 0.18321948555466486, 3.1408987422991275, -0.06520367694077166, 0.0],
    "qs_inspection_rot_x_pose": [0.7858951610403001, 0.10223540338916956, 0.08910163602127909, 0.004176060091399409, 2.2590941959337334, 2.14481486294372],
  
    "conveyor_drop": [0.3434945607222496, -0.18671363545051467, 0.14077955535384, 0.0016669835295898207, -3.131562603086523, -0.004873351559813175],
    "conveyor_wait": [0.3434945607222496, -0.18671363545051467, 0.14077955535384, 0.0016669835295898207, -3.131562603086523, -0.004873351559813175],
 
    "vibrating_pregrasp_pose": [-0.2721507213081874, -0.7164825596112315, 0.03653302709787995, -2.8262879863147874, -1.3596732585771714, -0.018736801445583564],
    "vibrating_grasp_pose": [-0.2721961899815956, -0.7164997018143584, -0.017140278891939115, -2.8263614846390834, -1.359687408132901, -0.018615080629990753],
 
    "strahlkabine_pregrasp_pose": [-0.09678726313595985, 0.5433095258203728, 0.12090152788285793, -3.141570304139254, -0.010810835545432796, 0.0],
    "strahlkabine_grasp_pose": [-0.08618633058305884, 0.5433332309633457, -0.09990006457512596, -3.141514413898876, -0.010697263836161658, 0.0],

    "strahlkabine_driveout_pose1": [-0.08617460756712458, 0.5433449904819578, 0.05557459133299969, -3.1415101470063984, -0.010741203068239516, 0.0],
    "strahlkabine_driveout_pose2": [-0.08618791776400511, 0.5432869199332094, 0.2418918022819857, 3.141488761212596, 0.01081650036995512, 0.0],

    "sorting_predrop_pose1": [-0.42744460896165776, -0.11005387233579401, 0.20416874244803288, -2.3362592504831046, 2.100294842986112, 0.0],
    "sorting_drop_pose1": [-0.42744460896165776, -0.11005387233579401, 0.18416874244803288, -2.3362592504831046, 2.100294842986112, 0.0],
    "sorting_predrop_pose2": [-0.42744460896165776, -0.11005387233579401, 0.20416874244803288, -2.3362592504831046, 2.100294842986112, 0.0],
    "sorting_drop_pose2": [-0.42744460896165776, -0.11005387233579401, 0.18416874244803288, -2.3362592504831046, 2.100294842986112, 0.0],

    "sleep_pose": [-0.1340046985890389, -0.2205363177211755, 0.14300383401674527, -2.2247096990345967, -2.218070830496003, 0.0],
    "start_pose": [-0.10598051327369619, -0.25583602306737047, 0.34021242028508236, 2.2020738033451384, 2.2404947266008395, 0.0],
    "vibratingplate_pose": [-0.13399986418735704, -0.6043544331523291, 0.3401613527318492, -2.2246892463346777, -2.2181205085690645, 0.0],
    "conveyor_pose": [0.26031506175242697, -0.09444904555604937, 0.3401934684893678, -0.09746844155205639, 3.140029730285833, 0.0],
    "qs_pose": [0.26834940608866736, 0.06831943653236462, 0.3401438987318198, 1.0172220001423156, -2.9722931142863627, 0.0],
    "strahlkabine_pose": [0.11560156875592456, 0.2516235268457924, 0.34018640533931, -2.198481669883983, 2.244145331221337, 0.0],
    "sorting_pose": [-0.25887593840872203, 0.09832254749487664, 0.3401691941199235, 3.140718260620514, 0.07402028445560867, 0.0]
  }
  